<?xml version="1.0" encoding="UTF-8" standalone="true"?>
-<addon provider-name="K3oni" version="1.0.0" name="K3oni Add-on Repository" id="repository.k3oni.xbmc-addons"> 
  -<extension name="K3oni Add-on Repository" point="xbmc.addon.repository"> 
    <info compressed="false">https://raw.github.com/k3oni/repository.k3oni.xbmc-addons/master/addons.xml</info> 
    <checksum>https://raw.github.com/k3oni/repository.k3oni.xbmc-addons/master/addons.xml.md5</checksum> 
    <datadir zip="false">https://github.com/k3oni/repository.k3oni.xbmc-addons/</datadir> 
  </extension> 
  -<extension point="xbmc.addon.metadata"> 
    <summary>Install Add-ons from K3oni's Add-on Repository</summary> 
    <description>Video/Music plug-ins for XBMC</description> 
    <disclaimer/>
    <platform>all</platform> 
   </extension> 
</addon>
