<?xml version="1.0" encoding="UTF-8" standalone="yes"?>
<addon id="plugin.video.world.news.live"
       name="World News Live"
       version="1.3.1.0"
       provider-name="K3oni">
  <requires>
    <import addon="xbmc.python"
    		version="1.0"/>
    <import addon="script.module.beautifulsoup"
    		version="3.0.8"/>
    <import addon="script.module.simplejson"
    		version="2.0.10"/>
    
  </requires>
  <extension point="xbmc.python.pluginsource"
            library="default.py">
        <provides>video</provides>
  </extension>
  <extension point="xbmc.addon.metadata">
    <summary>World News</summary>
    <description>Al-Jazeera Live Arabic/English, BBC, CNN, C-SPAN, and various new streams.</description>
    <platform>all</platform>
	<disclaimer></disclaimer>
  </extension>
</addon>
